"","Year","Median","Lower","Upper"
"1",2014,3.8196766,2.7944,5.2539
"2",2015,1.3973756,1.045,1.8708
"3",2016,2.4038159,1.7856,3.2469
"4",2017,3.1758728,2.3399,4.3317
"5",2018,2.8553215,2.1109,3.8787
"6",2019,4.1848369,3.049,5.7841
"7",2020,1.7147298,1.2809,2.2999
"8",2021,5.0123645,3.6183,7.0048
"9",2022,1.4765648,1.104,1.9776
"10",2023,1.3820902,1.0336,1.8502
"11",2024,1,1,1
