Category,Estimate,Lower,Upper
Nov 2023,11.40351,9.119065,14.026924
Jun 2024,17.81022,15.01578,20.88515
Nov 2024,25.69343,22.45894,29.13888